{"cameraMode":{"drawMode":0,"name":"Shaded","section":"Shading Mode"},"sceneLighting":false,"audioPlay":false,"sceneViewState":{"showFog":false,"showMaterialUpdate":false,"showSkybox":false,"showFlares":false,"showImageEffects":false,"showParticleSystems":false},"in2DMode":false,"pivot":{"x":-0.6751250624656677,"y":-1.1152076721191407,"z":2.26057767868042},"rotation":{"x":-0.045185282826423648,"y":0.06946990638971329,"z":-0.003148950869217515,"w":-0.9965593218803406},"size":2.861100435256958,"orthographic":false}